Time,X,Y,V_x,V_y,Velocity,Mass,Pitch,Stage,Mach,Drag_Coeff,Orbital_Energy,G_Force,Dyn_Pressure,Orbit_Type,Isp,Delta_V_Rem,Kinetic_Energy,Potential_Energy,TWR,Hull_Temp
0.05,18.16919280140821,0.0092284906571589,363.3838560281642,0.184569813143178,363.38386239794363,563353.4169998367,90.0,1,0.0,0.4,-62497026.78275185,1.3756627695460488,0.0,Bekliyor,264.34999999999997,3387.583673304648,37194798527.739426,50983.80980213036,1.3756627695460488,282.21999999999997
3.049999999999997,1108.3201750831397,17.785184991624114,363.3834710205274,11.58277921731476,363.5618623937752,554559.5442206727,90.0,1,0.03382044539106406,0.4,-62496793.12212538,1.3974155599578226,79.821101914726,Bekliyor,264.44705144478934,3348.0263895796957,36650071599.01924,96722179.37407377,1.3974772049993616,282.1726970346211
6.0499999999999865,2198.469994863679,70.74059956360252,363.38308132478943,23.629462406400666,364.1372250712251,545772.2014830217,90.0,1,0.06960801118219205,0.4,-62496069.67782069,1.419713979498748,335.98936211252243,Bekliyor,264.74111119713416,3310.2811240924616,36183583223.52553,378613488.17513555,1.4199776385777214,282.04091424963286
9.049999999999994,3288.61864015444,160.84571449313327,363.38268832371654,36.34084652100038,365.1737765260605,536998.0347975689,90.0,1,0.1074606388239538,0.4,-62494813.13659171,1.4425472955204421,792.1416479886474,Bekliyor,265.239355617109,3274.3542864313,35804850644.50262,847016802.682185,1.443179065181067,281.8357296689902
12.050000000000036,4378.766103310667,290.1189957592445,363.3822935262835,49.732858786390885,366.7387921454964,528243.8208805458,90.0,1,0.14748467057285763,0.4,-62492977.6130983,1.4659048035674935,1469.053400720341,Bekliyor,265.9461469948276,3240.2125586274497,35523694829.522964,1502836242.4120648,1.467095858445406,281.57001079401607
15.050000000000079,5468.912381389072,460.6262548327537,363.38189855317813,63.821147046218634,368.90228472129377,519516.33485051047,90.0,1,0.1897961961397707,0.4,-62490514.571658425,1.489777153904666,2383.378148457708,Bekliyor,266.86266928581216,3207.780277352469,35350202146.83885,2346590943.5090446,1.4917419720521885,281.2585092245522
18.05000000000012,6559.05747645513,674.4798949204553,363.3815051177944,78.62114250105111,371.73613536403514,510822.20898588444,90.0,1,0.23452273099002133,0.4,-62487372.742517054,1.514157884539502,3546.38007551948,Bekliyor,267.9866257823441,3176.937916323045,35294686962.200874,3378420843.4701962,1.5171312214513382,280.91795895828733
21.050000000000164,7649.201395826534,933.8384168117207,363.38111500281457,94.1481700023549,375.3130986285888,502167.7880839875,90.0,1,0.28180529004327504,0.4,-62483498.02609912,1.539045108747065,4962.734251291303,Bekliyor,269.31201951485684,3147.521854675212,35367657730.76209,4598094907.4178705,1.543277645944127,280.56718268371475
24.050000000000207,8739.344152240115,1240.9063328846937,363.38073003271893,110.41760941483366,379.7057305283772,493558.9875516807,90.0,1,0.33180092940165595,0.4,-62478833.37719058,1.564443284678399,6629.477979576987,Bekliyor,270.82903580914007,3119.3255726577354,35579789320.84066,6005021081.185867,1.5701959470084144,280.2272116800695
27.05000000000025,9829.485763930752,1597.934644833219,363.3803520428011,127.44510915687044,384.98530312085626,485001.16051590996,90.0,1,0.38468584010184514,0.4,-62473318.65968467,1.5903649769569934,8535.200070984825,Bekliyor,272.52404357109447,3092.1023563023246,35941904279.79042,7598257143.433885,1.5979019947887383,279.92142612525004
30.050000000000292,10919.626254613031,2007.2220397472881,363.37998284551185,145.24685017650134,391.2207792151952,476498.97993129375,90.0,1,0.440659093290621,0.4,-62466890.46158943,1.616832507612044,10659.551316776979,Bekliyor,274.3797275112399,3065.5695201618782,36464965507.23773,9376521573.093224,1.626413391220628,279.67572356465064
33.05000000000026,12013.641578452027,2470.9983753370047,366.5454224903244,163.7237079081329,401.24853239040556,468056.3371564123,84.36357282106397,1,0.49969213927496453,0.4,-62458375.101236075,1.6438913468573924,12960.093582413192,Bekliyor,276.37488517908616,3039.4088567059885,37678625182.365234,11337659609.85695,1.6557500889134331,279.5059206231899
36.05000000000009,13121.831883579474,2991.059857057402,372.526605309615,182.75822349392328,414.6944344555223,459676.2301508491,81.79005988912515,1,0.5620255222712853,0.4,-62447796.26632538,1.6715900474900207,15396.698450698494,Bekliyor,278.483510843126,3013.2594679399235,39525599423.63616,13477042702.980062,1.685935167038991,279.4421453260516
39.04999999999992,14251.23812466356,3569.053514196037,380.60323852679005,202.3331946694408,430.754413494432,451360.6878000639,79.65535079723035,1,0.6282556149532146,0.4,-62435346.862721376,1.6999716098948634,17941.422101897606,Bekliyor,280.67699579159387,2986.744887863613,41874844446.06874,15789011107.172337,1.7169956152816632,279.5394963434652
42.04999999999975,15407.793596123136,4206.57324772158,390.57407292400643,222.43048961576764,449.1449623709264,443110.76565576997,77.72381423510032,1,0.6989558120361815,0.4,-62421012.98822604,1.7290910100807446,20560.063172410388,Bekliyor,282.92542933200656,2959.488830009044,44694632629.10941,18267349325.792133,1.7489629725342106,279.8601363725338
45.04999999999958,16597.035302623717,4905.157581991359,402.3551620889235,243.03137872057502,469.69722891782436,434926.5761826386,75.90788515175345,1,0.7747070794579825,0.4,-62404730.64007419,1.7590155596957244,23213.057445946655,Bekliyor,285.198472567125,2931.1253231039086,47975769174.938675,20905288730.9945,1.7818739168925528,280.4738833867356
48.04999999999941,17824.19565743114,5665.525326025399,415.77620317041345,263.3817035249845,491.79841251775946,426807.33260120073,74.16609367798895,1,0.8537932075847477,1.0,-62386661.0724244,1.7512525043618583,25718.557691795064,Bekliyor,287.4641797527982,2901.287250095347,51615022555.91699,23692320409.556282,1.8157708705238054,281.2687980847142
51.04999999999924,19094.080412809326,6486.667112935068,430.845451776482,283.76442566206293,515.4875615506926,418751.30405388324,72.47832358883817,1,0.9376176639377765,1.0,-62366691.921132565,1.7788914682148314,28085.49821926806,Bekliyor,289.68827069552935,2869.6000802813605,55636853103.95064,26610771824.73055,1.85070306494736,282.37315577199456
54.049999999999066,20411.764487412114,7369.481037300301,447.61506268517354,304.4886531267725,540.9233360694238,410756.0084285667,70.82872061208153,1,1.0279604967933518,1.0,-62344616.33450908,1.8076376072282605,30341.134055895473,Bekliyor,291.84566503495563,2835.797197005083,60093204676.48914,29651077145.71497,1.886726684359629,283.95922150461837
57.049999999998896,21782.364443579678,8314.973279846843,466.0971559469064,325.5426893073291,568.0618866293867,402818.42550262116,69.20653647816667,1,1.1256086652851467,1.0,-62320316.58184326,1.8376531593866745,32449.522661290164,Bekliyor,293.9147406005765,2799.6578503139326,64993606340.445045,32803903732.823536,1.9239048484344532,286.1240062999448
60.049999999998725,23211.050611943505,9324.118635259105,486.31558954743656,346.9191441868799,596.8794162256256,394935.112632938,67.60431740074738,1,1.2314718753759852,0.99380264251907,-62293659.23063845,1.869681568040433,34378.88626945464,Bekliyor,295.87724460837603,2761.0037499451746,70350786358.85387,36059546295.666565,1.96230797686382,288.97648564212386
63.049999999998555,24703.09865460938,10397.924260433208,508.3179989214448,368.65011230012726,627.4019240660082,387102.3183190211,66.01662242054142,1,1.346743845237841,0.9726147025308688,-62264473.564130835,1.9048719808689678,36109.722504947415,Bekliyor,297.71864846403,2719.6998230710997,76188157173.60835,39408157509.41435,2.0020141579843003,292.6537323440612
66.04999999999839,26263.941324600117,11537.4839721636,532.1591063079944,390.7546062709791,659.661067730792,379316.0931517165,64.4392772576743,1,1.460955375963555,0.9536260662919507,-62232572.52223531,1.943447564913457,37024.051739735616,Bekliyor,299.42827345109987,2675.6525037911706,82530215649.05635,42839916488.59688,2.0431095222560254,300.67175789130624
69.04999999999822,27899.219465856746,12744.009932382387,557.9240453121821,413.2953493061117,693.7447817349923,371572.3903572201,62.868947080752285,1,1.567890798473025,0.9373460019326988,-62197715.89863612,1.9861472804352844,36853.48374347701,Bekliyor,300.9991930284448,2628.805834958717,89415518552.29257,46345093295.12661,2.0856886624923225,314.3218178933828
72.04999999999805,29614.824656422108,14018.845231683235,585.6897285247827,436.2867748868952,729.7120251828333,363867.1562603248,61.30287467405623,1,1.6807344206910155,0.9214923610217665,-62159661.722702295,2.0314290875729903,36298.81316585791,Bekliyor,302.4279961647208,2579.1363900086753,96875926131.43153,49914034952.512184,2.129855109288213,329.7712451213906
75.04999999999788,31416.87783907804,15363.341145257085,615.5350498685789,459.7277524778367,767.6177076073919,356196.4046270626,59.738866240442945,1,1.7997971469160576,0.906024632393879,-62118152.20029375,2.079372921853678,35377.575100528375,Bekliyor,303.71433726201496,2526.6465219775737,104942040646.99239,53536678845.74182,2.1757219101485137,347.23578518886836
78.04999999999771,33311.74600312487,16778.839385715033,647.5449128043334,483.6129918970524,807.5229826935765,348556.27804825513,58.175170156023135,1,1.9253910878688192,0.8909092515216234,-62072905.26325772,2.130043125358141,34117.28136380658,Bekliyor,304.8606184821797,2471.3590601196893,113645618571.52777,57202482849.03079,2.2234123172382927,366.95332217341553
81.04999999999754,35306.059023985945,18266.658629599635,681.8094615044603,507.9324104340883,849.4940162614294,340943.09860464657,56.61038648840549,1,2.057828853274929,0.8761182954532111,-62023613.36030641,2.1834912179376285,32554.42841467876,Bekliyor,305.8716259992376,2413.31185832477,123019103100.85577,60900380980.28359,2.2730605929111,389.1854937344434
84.04999999999737,37406.724305982345,19828.079335768667,718.4233870388769,532.6706282424939,893.6009797838777,333353.4079597593,55.04340330249622,1,2.1974230302631836,0.8616284270237652,-61969942.159882724,2.239759908093122,30733.08379480316,Bekliyor,306.7541278160588,2352.552314245986,133095133534.34306,64618742640.21845,2.3248129563348505,414.2193830933494
87.0499999999972,39620.942747993104,21464.332003569045,757.488911087572,557.8117628043912,939.9230046714611,325783.9972319718,53.47334668703499,1,2.3365563417400836,0.848160930639925,-61911523.695976324,2.299358716128314,28509.261854626475,Bekliyor,307.5164537781002,2289.1320703997167,143907792127.609,68345352359.42854,2.37882869768893,443.80987047386515
90.04999999999703,41956.23437955045,23176.599679574305,799.1134746289481,583.3356987979863,988.5447145711343,318231.92729344073,51.89952995902087,1,2.4809629835505254,0.8350804569993335,-61847956.070202045,2.361866105087674,26129.6673982385,Bekliyor,308.1680770542386,2223.1020717319448,155491405850.87582,72067441346.58818,2.435281489366762,477.14582762842826
93.04999999999686,44420.43555166867,24965.97935223214,843.4018907880057,609.2076475636256,1039.543161474052,310694.5399690093,50.32145013843004,1,2.631835013897709,0.8222707755755027,-61778814.22008247,2.4272539368688024,23681.975442551717,Bekliyor,308.7191920119751,2154.507953351875,167876024911.3531,75771595493.9923,2.49436093064438,514.4055049165989
96.04999999999669,47021.70108632583,26833.45428825179,890.4616745318441,635.3868123964539,1092.997508773356,303169.4609044719,48.73877676297739,1,2.7893213702726025,0.8097208355642698,-61703639.651233375,2.4955840878146898,21222.700780592328,Bekliyor,309.18033407538786,2083.3860906540376,181089721147.5984,79443714401.66835,2.5562743673163753,555.999074326375
99.04999999999652,49768.51270023176,28779.876742088505,940.403233420588,661.8268051222482,1148.9895833857688,295654.59538368654,47.15133432106939,1,2.9535670880588425,0.7974205611856411,-61621937.51835413,2.566946221906836,18804.027704190514,Bekliyor,309.56204491061476,2009.760291154863,195158207657.98352,83069013519.37479,2.6212490316867476,602.3730555703752
102.04999999999634,52669.68817908632,30805.951808615893,993.3402322870684,688.4760710173813,1207.6045614464324,288148.11817942705,45.55908732944662,1,3.1247167012846346,0.7853604756537041,-61533173.19643421,2.6414652850756557,16471.975306534543,Bekliyor,309.8745855034184,1933.6390932279892,210104464883.51016,86632037642.1079,2.6895345586836363,654.013736863573
105.04999999999617,55734.39201049283,32912.22265949845,1049.390196965391,715.2783790822353,1268.931903335426,280648.45855573553,43.96212725260688,1,3.3029182705285547,0.7735313907474085,-61436768.0981772,2.719308479265737,14265.008854213567,Bekliyor,310.1277027352671,1855.0136477221395,225948414691.65485,90116685360.4326,2.761405944830148,711.4512464621807
108.049999999996,58972.14818881206,35099.057301647714,1108.6753534991403,742.1733395972685,1333.066512684521,273154.2815736357,42.36066075640655,1,3.488327952737576,0.7619241570926439,-61332094.60988272,2.80069157794299,12213.168023766004,Bekliyor,310.3304518171936,1773.8561243338418,242706637963.08966,93506243710.5398,2.8371670302898355,775.2644021408983
111.04999999999583,62392.85588609928,37366.63688108145,1171.3236941481246,769.096910798939,1400.1100926913439,265664.46684177424,40.7549990072221,1,3.6811150194641646,0.7505294699282525,-61218470.010382876,2.8858845677757317,10337.736183786066,Bekliyor,310.4910738230768,1690.118555974961,260392125917.5273,96783431964.15794,2.9171546013520677,846.0864762742617
114.04999999999566,66006.80865312721,39714.94544438221,1237.470259375541,795.9818591354584,1470.1726754952133,258178.08579743406,39.145547880303944,1,3.8814672359502818,0.7393377243719549,-61095149.22538209,2.9752167371924765,8651.427321949932,Bekliyor,310.6169248022384,1603.7320125990611,279014050761.22614,99930453290.34232,3.0017432326587024,924.6120281484829
117.04999999999549,69824.71779906159,42143.76097027286,1307.2586378659748,822.7581424275219,1543.374316221375,250694.37850451583,37.53279904198364,1,4.089596561157402,0.7283389119065629,-60961316.23498781,3.06908146818493,7159.024865902002,Bekliyor,310.71445072830517,1514.6059815940368,298577541281.3132,102929052917.47539,3.091351016669349,1011.6049858425174
120.04999999999532,73857.74051746445,44652.64740121526,1380.8426220825381,849.353191592303,1619.8468955739284,243212.73082095236,35.917321931966214,1,4.305744993560943,0.7175225578275622,-60816074.00921156,3.167941114225657,5858.373795958364,Bekliyor,310.78920097984945,1422.627824608887,319083424382.00793,105760581421.89664,3.186446364247895,1107.9081268701902
123.04999999999515,78117.51338224605,47240.94734243237,1458.3881430037004,875.6920735385507,1699.736133722143,235732.6526293699,34.29975670382083,1,4.530190852291733,0.7068776764430427,-60658432.58360297,3.2723324496396735,4741.610379854977,Bekliyor,310.8458721972182,1327.6621794217897,340527948029.9794,108406061857.42043,3.2875561073912523,1214.4543029898896
126.04999999999498,82616.19193760549,49907.77505396105,1540.075384819794,901.6975244804527,1783.2037427068133,228253.7576542127,32.680808192292794,1,4.7632552804741985,0.6963927507731852,-60487295.10425339,3.3828732704446964,3796.5070191796194,Bekliyor,310.8883741929508,1229.550178340151,362902428304.6293,110846259599.49675,3.395275196464754,1332.2796167664283
129.0499999999951,87366.49701683171,52652.00933763503,1626.1011667598677,927.2898483057555,1870.4297991085994,220775.74521867916,31.0612409729689,1,5.005309205732134,0.6860557217638844,-60301441.39057487,3.5002707966335613,3007.820342325583,Bekliyor,310.9199100192652,1128.108359331694,386192814957.8366,113061753985.58551,3.5102783645712563,1462.5389726444703
132.04999999999578,92381.76867261724,55472.28591095263,1716.681639169692,952.3866783174456,1961.615393942016,213298.38413691148,29.441875569619857,1,5.256780924598081,0.6758539800118077,-60099508.51172678,3.625332601437574,2358.548734634784,Bekliyor,310.9430631786511,1023.1271500415108,410379153949.4391,115033011066.90686,3.6333342373835347,1606.5244903664873
135.04999999999646,97676.02876442969,58366.98885748408,1812.055366895453,976.9026020791622,2056.985640825324,205821.4987995801,27.823585852821036,1,5.518164546413609,0.665774353249749,-59879967.72152346,3.75898088233155,1831.0305441387384,Bekliyor,310.959886143582,914.3688054010877,435434926195.29364,116740457025.33926,3.765322507042236,1765.6874101674005
138.04999999999714,103264.05351194202,61334.24074171551,1912.486901046583,1000.7486480611396,2156.7931508520205,198344.95739976363,26.207297664760546,1,5.790029608846914,0.6558030832188884,-59641096.89795384,3.902271015882422,1407.8412556984308,Bekliyor,310.97198567012015,801.5646740463991,461326241807.6736,118164552036.4947,3.9072549764965645,1941.6643067446225
141.04999999999782,109161.45767260673,64371.890967511565,2018.2709712582919,1023.8316292130678,2261.3221124635393,190868.66216305687,24.593988702962164,1,6.073032258555815,0.6459257861573681,-59380947.37655335,4.056415531199202,1072.4734397309908,Bekliyor,310.9806017081378,684.4116545819265,488010866881.3944,119285864565.24364,4.060301534471727,2136.3086735512097
144.0499999999985,115384.79245399199,67477.50193603463,2129.737468820084,1046.0533324438957,2370.893151274747,183392.54139049203,22.98468970260395,1,6.36792848910781,0.6361273915320595,-59097303.7270779,4.222814928506544,809.8046778636344,Bekliyor,310.986677919745,562.567677005256,515437055574.63226,120085146258.3711,4.225822467954548,2351.7292635562003
147.0499999999992,121951.6598537745,70648.33251312986,2247.2574397689627,1067.3095341576952,2485.8691917082065,175916.54309228732,21.380486975245955,1,6.675590053944916,0.6263920537087848,-58787634.56826759,4.403097204311594,606.3744894273474,Bekliyor,310.9909228455749,435.6460039423566,543542153283.9728,120543407751.25577,4.405408998155802,2590.3370079704637
150.04999999999987,128880.84687067068,73881.31823940888,2371.2503710987125,1087.4888101685308,2606.6626044170666,168440.62998044025,19.78252639296234,1,6.997023838954926,0.6167030308731313,-58449031.89900407,4.599168583659504,450.5011515405658,Bekliyor,310.9938615698523,303.2080862329508,572250926440.571,120641995836.71817,4.600934596084203,2854.9029256104272
153.05000000000055,136192.48400411225,77173.04759865168,2502.193139633997,1106.4710928289046,2733.744007908806,160964.77559390475,18.192018953293967,1,7.333395706848747,0.6070425245455546,-58078135.57637133,4.813278891866108,332.27369641915857,Bekliyor,310.99587832406326,164.75462141872038,601473559943.9563,120362672563.36702,4.814620583937073,3148.630249290522
156.05000000000123,143908.2337408319,80519.73348901572,2640.631112128682,1124.1259078378969,2867.6532097771797,153488.96134673938,16.610248125230186,1,7.686060142396067,0.597391471313425,-57671038.38798097,5.04810635767945,243.45430861476055,Bekliyor,310.9972508525866,19.714342241081948,631103243172.6962,119687696949.63017,5.049120894840747,3475.2451318710264
159.05000000000192,151907.32659810781,83875.92971176651,2677.7002181773632,1109.4141918207185,2898.223933614587,126794.29325070661,15.056760579121647,2,7.726147185863725,0.5963233502071411,-57550773.76647897,0.7503245552769383,163.86079512519666,Bekliyor,347.9979509333828,7065.8659437044025,532517137361.82526,102939289927.58893,0.7511496917595519,3552.1884192162947
162.0500000000026,159973.09221311775,87173.99171975607,2699.1673078543163,1089.5514746471408,2910.5690026268985,125973.24191591848,13.560810444810636,2,7.712788026162436,0.5966786722569215,-57483374.20412206,0.7554899332204238,109.53513300502881,Bekliyor,347.99862552253626,7043.708974485197,533585611524.1004,106239848273.61513,0.7560454334874381,3583.4128585551393
165.05000000000328,168103.69109398974,90411.79896491274,2720.914725921406,1069.2532629938553,2923.25611244897,125152.19187898333,12.120120522089252,2,7.701752291788704,0.5969726735683787,-57415429.692030355,0.7606284897321887,73.80019345246373,Bekliyor,347.99907127875144,7021.4023629334215,534739415928.2184,109412772847.6311,0.7610054035987868,3615.622417062673
168.05000000000396,176299.9379648634,93588.06032982319,2742.9256117875766,1048.529696780852,2936.2839325510618,124331.14270232865,10.732236972015064,2,7.69299749613589,0.5972062165556626,-57346941.66030203,0.7657730880208137,50.12466196815859,Bekliyor,347.9993677814281,6998.945833229889,535976843622.9573,112458249338.43297,0.7660308770760995,3648.8309840601037
171.05000000000464,184562.6001013005,96701.51562004555,2765.185095471936,1027.3912193235997,2949.6524882292483,123510.09409973264,9.394968872665897,2,7.686487611929783,0.5973800512253853,-57277906.95537141,0.7709454096099467,34.324038855964915,Bekliyor,347.99956633986915,6976.338488661118,537296686835.3311,115376535665.09775,0.7711231619274158,3683.056016547375
174.05000000000533,192892.4027713206,99750.93626082687,2787.6799684770785,1005.8484472556213,2963.3628105831635,122689.04588281762,8.106351776099306,2,7.682191814183448,0.5974948455299991,-57208318.78582238,0.7761600180797914,23.700638784507316,Bekliyor,347.99970022408814,6953.579022589724,538698102782.60114,118167961063.75835,0.7762836006003769,3718.3177152262633
177.050000000006,201290.03759645944,102735.12722558666,2810.400996558238,983.9131321959621,2977.4194001602073,121867.9979268227,6.864616962536942,2,7.680091464049187,0.5975509960548622,-57138159.30208925,0.7815135713423926,0.0,Bekliyor,347.99979113204887,6930.665851056949,540181502427.3132,120832926598.11479,0.7815135713423926,3754.6455761771667
180.0500000000067,209756.16240011863,105652.92547842496,2833.3345540874684,961.5947355892658,2991.8213856804387,121046.95014859128,5.668167011816639,2,7.680154139503024,0.5975493202681004,-57067425.81144111,0.7868144895449637,0.0,Bekliyor,347.9998532980524,6907.597196378933,541745335108.226,123371901591.13522,0.7868144895449637,3792.0552781637375
183.05000000000737,218291.3997803509,108503.19803942979,2856.471218613061,938.9040171953989,3006.5715385103304,120225.90249233729,4.515555583346781,2,7.682359995629393,0.5974903500677069,-56996104.07949305,0.792187809097202,0.0,Bekliyor,347.9998961160305,6884.371139953961,543389364644.93713,125785419746.27408,0.792187809097202,3830.57226906297
186.05000000000805,226896.3463173101,111284.8444611269,2879.8027853888993,915.8518003073877,3021.673266678346,119404.85492038958,3.4054685174751107,2,7.686692767157037,0.5973745706201411,-56924177.12063216,0.7976350237654789,0.0,Bekliyor,347.99992582327576,6860.985655625443,545113570982.3057,128074080384.02812,0.7976350237654789,3870.224005898397
189.05000000000874,235571.57534489772,113996.79669159147,2903.321938299793,892.4488598541636,3037.1302144586443,118583.80740713996,2.336708713973503,2,7.6931385233537855,0.5972024523507278,-56851626.35988569,0.8031576686110349,0.0,Bekliyor,347.9999465867019,6837.438630696664,546918002883.7636,130238546643.2204,0.8031576686110349,3911.0389421675086
192.05000000000942,244317.63954104326,116638.01893315365,2927.0222010985885,868.7059249846692,3052.9462248445743,117762.7599350628,1.3081831942992461,2,7.701685496206522,0.5969744543757677,-56778431.72141788,0.8087573214542266,0.0,Bekliyor,347.99996120745743,6813.727879061881,548802762738.233,132279543711.76987,0.8087573214542266,3953.0464619131426
195.0500000000101,253135.07337896957,119207.50750972827,2950.8978933053745,844.6336822236466,3069.1253064338734,116941.71249208208,0.3188919717079397,2,7.712323930069457,0.5966910274685028,-56704571.70556094,0.8144356043921209,0.0,Bekliyor,347.99997158046364,6789.851149271323,550767993106.6786,134197857100.81247,0.8144356043921209,3996.2768233585807
198.05000000001078,262012.52567884012,121720.7440900969,2963.63084402916,835.9516527345297,3079.158523738531,116120.66506984255,71.80512766123321,2,7.708268796748818,0.5967990161076439,-56649951.32718514,0.8201941853747914,0.0,Bekliyor,347.9999790355665,6765.806130091888,550482624298.7544,136012387974.80061,0.8201941853747914,4024.7860693746393
201.05000000001147,270914.9365800011,124226.59464995793,2971.192667203358,834.6707758213676,3086.0885410009773,115299.6176626995,71.80512766123321,2,7.696672955849451,0.597108136753335,-56604903.53165987,0.8260347798442875,0.0,Bekliyor,347.9999845204982,6741.590452839417,549053463459.8137,137777789286.10162,0.8260347798442875,4045.820477999286
204.05000000001215,279840.1151750228,126728.91540053855,2978.8085341294404,833.5954333015115,3093.129454964049,114478.5702666836,71.80512766123321,2,7.685664837373838,0.5974020326888939,-56559516.38940039,0.8319591524445898,0.0,Bekliyor,347.9999885655069,6717.201689372761,547633988541.6289,139498453390.41724,0.8319591524445898,4067.221021184156
207.05000000001283,288788.2247775272,129228.32674894833,2986.4792228636425,832.7281292258488,3100.28211521465,113657.52287887626,71.80512766123321,2,7.675229698655525,0.5976810304556492,-56513778.97425141,0.8379691188029538,0.0,Bekliyor,347.99999155051313,6692.63735588352,546223801956.9813,141175182622.914,0.8379691188029538,4088.9929911389313
210.0500000000135,297759.43106099387,131725.4567052405,2994.205528386537,832.0714274390726,3107.5474330033207,112836.47549712815,71.80512766123321,2,7.665353395865503,0.5979454459517808,-56467680.05350206,0.844066547386643,0.0,Bekliyor,347.99999375454286,6667.894912359401,544822518349.15656,142808765817.4771,0.844066547386643,4111.141933578998
213.0500000000142,306753.90211028047,134220.94106423043,3001.988263097424,831.6279531872322,3114.926383100707,112015.42811985507,71.80512766123321,2,7.656022362706175,0.5981955846662433,-56421208.077338345,0.8502533614408126,0.0,Bekliyor,347.99999538273084,6642.971761545521,543429764560.92126,144399978259.67325,0.8502533614408126,4133.67365669731
216.05000000001488,315771.80847465806,136715.42359222565,3009.828257326922,831.4003947839044,3122.420005719511,111194.38074588856,71.80512766123321,2,7.647223590562451,0.5984317418951752,-56374351.16786654,0.8565315410118878,0.0,Bekliyor,347.99999658603247,6617.8652476993075,542045179603.94714,145949581635.30472,0.8565315410118878,4156.594240533788
219.05000000001556,324813.35710344056,139209.5449720507,3017.7961657055907,831.3682638370088,3130.0861993208323,110373.33337436608,71.09766796702574,2,7.639096982000351,0.598650106381679,-56326919.44399352,0.8629031250609859,0.0,Bekliyor,347.99999747562964,6592.572655177078,540688034430.6716,147458312289.70682,0.8629031250609859,4180.063511219902
222.05000000001624,333879.6539820971,141703.6497635619,3026.3734575321887,831.3682638370088,3138.345170232695,109552.2860046507,69.60628443633814,2,7.63275120314275,0.5988207853494502,-56277586.92922182,0.869370213672176,0.0,Bekliyor,347.99999813341526,6567.091206877926,539501757742.46466,148926580029.27872,0.869370213672176,4205.224366184537
225.05000000001692,342972.71430315805,144197.7545550731,3035.621727029846,831.3682638370088,3147.253458449398,108731.23863627156,68.20529122537536,2,7.628314166728701,0.5989402124950945,-56226160.80037818,0.8759349703606427,0.0,Bekliyor,347.99999861979893,6541.418062567067,538502567966.7312,150354448603.8359,0.8759349703606427,4232.244072077686
228.0500000000176,352094.5037697263,146691.8593465843,3045.511077879295,831.3682638370088,3156.782515217943,107910.19126888046,66.87879271358865,2,7.625686907626462,0.5990109613557276,-56172713.80654845,0.882599624486113,0.0,Bekliyor,347.9999989794436,6515.550317088201,537677411423.2292,151741964391.54724,0.882599624486113,4261.0610508189875
231.0500000000183,361246.9074408737,149185.9641380955,3056.0172648625926,831.3682638370088,3166.909267387553,107089.14390221992,65.61505084032642,2,7.62478676001292,0.5990352069827639,-56117301.25198017,0.889366473777219,0.0,Bekliyor,347.99999924537417,6489.484998470798,537015341577.783,153089173699.71533,0.889366473777219,4291.629033682336
234.05000000001897,370431.74440128886,151680.0689296067,3067.1202896633113,831.3682638370088,3177.614755100098,106268.0965360996,64.40510496239649,2,7.62554340839479,0.5990148263346856,-56059965.2052926,0.8962378869728289,0.0,Bekliyor,347.99999944201016,6463.219065939933,536507000122.1151,154396122764.8883,0.8962378869728289,4323.913383026828
237.05000000001965,379650.77895881573,154174.1737211179,3078.8034458285247,831.3682638370088,3188.8832058097187,105447.04917037871,63.24193023902075,2,7.627896187894343,0.5989514664777588,-56000737.35596351,0.9032163065867275,0.0,Bekliyor,347.99999958740784,6436.7494078308555,536144261430.12054,155662857752.9771,0.9032163065867275,4357.888596641803
240.05000000002033,388905.7294353493,156668.2785126291,3091.0526439446185,831.3682638370088,3200.701380289316,104626.00180495314,62.11989803239838,2,7.631792165920443,0.5988465927274457,-55939641.02724757,0.910304251802439,0.0,Bekliyor,347.9999996949187,6410.07283940877,535919979345.2511,156889424759.37732,0.910304251802439,4393.53654962468
243.05000000002102,398198.27523080463,159162.3833041403,3103.8559198006724,831.3682638370088,3213.0580961379974,103804.95443974597,61.03441556604887,2,7.637184735544835,0.5987015237049687,-55876692.63826491,0.9175043215054041,0.0,Bekliyor,347.999999774415,6383.186100592871,535827801062.958,158075869809.09335,0.9175043215054041,4430.845217889926
246.0500000000217,407530.06261225697,161656.4880956515,3117.2030666107457,831.3682638370088,3225.943871565918,102983.90707470033,59.98167702435166,2,7.644032556839589,0.5985174575323281,-55811902.79255373,0.9248191974601838,0.0,Bekliyor,347.9999998331966,6356.0858535827765,535862026684.02374,159222238856.86536,0.9248191974601838,4469.807728325436
249.05000000002238,416902.70953951695,164150.5928871627,3131.085354021264,831.3682638370088,3239.3506532844203,102162.85970977411,58.95848666021434,2,7.652298742401411,0.5982954918350235,-55745277.10515418,0.9322516476408556,0.0,Bekliyor,347.99999987666126,6328.768680384612,536017500842.8085,160328577787.29724,0.9322516476408556,4510.421637631105
252.05000000002306,426317.80974775995,166644.6976786739,3145.495309467777,831.3682638370088,3253.271604800746,101341.81234493614,57.96212997787892,2,7.66195021888844,0.5980366393011989,-55676816.84164626,0.9398045297232889,0.0,Bekliyor,347.99999990880013,6301.2310802333295,536289527466.86633,161394932414.98618,0.9398045297232889,4552.688375656808
255.05000000002374,435776.93624752096,169138.8024701851,3160.4265453659955,831.3682638370088,3267.7009391063957,100520.76498016353,56.990277926302,2,7.672957218390493,0.5977418399784402,-55606519.4187341,0.9474807947485595,0.0,Bekliyor,347.9999999325645,6273.469466907295,536673801602.125,162421348484.65298,0.9474807947485595,4596.612809889493
258.0500000000244,445281.6443610719,171632.9072616963,3175.87362067812,831.3682638370088,3282.6337846543465,99699.71761543915,56.04091431846406,2,7.685292867515981,0.597411971127443,-55534378.80076253,0.9552834909673781,0.0,Bekliyor,347.99999995013644,6245.480165930563,537166354079.606,163407871671.2724,0.9552834909673781,4642.202901032582
261.0500000000251,454833.4743852284,174127.0120532075,3191.8319287197282,831.3682638370088,3298.066076744589,98878.6702507505,55.112279945277955,2,7.6989328513391895,0.5970478552139052,-55460385.816556856,0.9632157678760411,0.0,Bekliyor,347.9999999631296,6217.259411657936,537763506013.8298,164354547580.20456,0.9632157678760411,4689.469428358704
264.05000000002576,464433.9539498631,176621.1168447187,3208.2976053150333,831.3682638370088,3313.9944686116537,98057.62288608823,54.20282891837702,2,7.7138551356092915,0.596650266459641,-55384528.41423577,0.9712808804551466,0.0,Bekliyor,347.99999997273704,6188.803344237288,538461830944.28827,165261421747.32568,0.9712808804551466,4738.425769410646
267.05000000002644,474084.600126222,179115.2216362299,3225.2674529560636,831.3682638370088,3330.416258007838,97236.57552144545,53.3111941226987,2,7.730039734948894,0.5962199362632955,-55306791.86699405,0.9794821936230473,0.0,Bekliyor,347.99999997984105,6160.10800644334,539258122999.7123,166128539639.1597,0.9794821936230473,4789.087722693055
270.0500000000271,483786.92132786755,181609.3264277411,3242.738877711359,831.3682638370088,3347.3293261319927,96415.5281568171,52.43615955853571,2,7.747468517822417,0.5957575577231764,-55227158.939575374,0.9878231869168514,0.0,Bekliyor,347.99999998509395,6131.169340376532,540149369866.17755,166955946653.00925,0.9878231869168514,4841.473364862773
273.0500000000278,493542.41903855646,184103.4312192523,3260.709836411479,831.3682638370088,3364.732086510894,95594.4807921994,51.57663796529816,2,7.766125041247643,0.5952637894389218,-55145610.02280445,0.9963074594146475,0.0,Bekliyor,347.99999998897806,6101.983184020283,541132729628.6599,167743688117.08667,0.9963074594146475,4895.602935981141
276.0500000000285,503352.5893948638,186597.5360107635,3279.1787922084427,831.3682638370088,3382.6234419920484,94773.4334275896,50.73165254470216,2,7.785994409825505,0.59473925872806,-55062123.24183321,1.0049387349135823,0.0,Bekliyor,347.99999999185013,6072.545267649403,542205510766.5333,168491809290.6453,1.0049387349135823,4951.49874789097
279.0500000000292,513218.9246463216,189091.6408022747,3298.1446770278867,831.3682638370088,3401.0027484150137,93952.38606298565,49.900321901718335,2,7.807063154850544,0.5941845643634617,-54976674.542486414,1.0137208673794473,0.0,Bekliyor,347.99999999397374,6042.851210082,543365154739.94385,169200355364.10974,1.0137208673794473,5009.185111891325
282.05000000002985,523142.9145119077,191585.7455937859,3317.606859748881,831.3682638370088,3419.869783834368,93131.338698386,49.08184753734379,2,7.829319130156586,0.5936002789151499,-54889237.75913851,1.022657846684524,0.0,Bekliyor,347.99999999554404,6012.896514766695,544609220721.55695,169869371459.20676,1.022657846684524,5068.68828271711
285.05000000003054,533126.0474486039,194079.8503852971,3337.5651191864745,831.3682638370088,3439.22472239983,92310.29133378953,48.275503384285585,2,7.852751422030968,0.5929869507628416,-54799784.66682882,1.0317538046516384,0.0,Bekliyor,347.9999999967051,5982.676565696461,545935372117.6548,170498902629.09528,1.0317538046516384,5130.036416464978
288.0500000000312,543169.8118452625,196573.9551768083,3358.01962113642,831.3682638370088,3459.068112177508,91489.24396919548,47.480626992441195,2,7.877350271052912,0.5923451058324781,-54708285.01976375,1.0410130214236595,0.0,Bekliyor,347.9999999975637,5952.18662313982,547341364591.41235,171088993858.49692,1.0410130214236595,5193.259540595594
291.0500000000319,553275.6971530255,199068.0599683195,3378.9708988847397,831.3682638370088,3479.4008563347475,90668.19660460307,46.696612057479456,2,7.9031070041179055,0.5916752490998262,-54614706.57791995,1.0504399321790774,0.0,Bekliyor,347.9999999981985,5921.421819179529,548825035354.70416,171639690063.82486,1.0504399321790774,5258.389534523077
294.0500000000326,563445.1949619214,201562.1647598307,3400.4198366970177,831.3682638370088,3500.22419721969,89847.14924001208,45.92290205104492,2,7.930013975229095,0.5909778658962669,-54519015.1231201,1.0600391342157813,0.0,Bekliyor,347.99999999866793,5890.377153048325,550384293536.8285,172151036093.31485,1.0600391342157813,5325.46011960247
297.05000000003326,573679.8000319687,204056.2695513419,3422.367655891131,831.3682638370088,3521.5397029525247,89026.10187542195,45.15898476082747,2,7.958064513889519,0.5902534230455999,-54421174.46568062,1.0698153944268392,0.0,Bekliyor,347.999999999015,5859.047486250472,552017111471.7653,172623076727.15274,1.0698153944268392,5394.506857564888
300.05000000003395,583981.0112860041,206550.3743428531,3444.8159031681107,831.3682638370088,3543.3492562141105,88205.05451083249,44.404387587013616,2,7.987252880131401,0.5895023698556702,-54321146.44251111,1.0797736571937822,0.0,Bekliyor,347.9999999992717,5827.427537457319,553721516772.1864,173055856677.6046,1.0797736571937822,5465.567156642548
303.05000000003463,594350.3327706036,209044.4791343643,3467.7664409329054,831.3682638370088,3565.6550449728497,87384.00714624375,43.65867347135688,2,8.017574225381816,0.5887251389845995,-54218890.907367416,1.089919052724884,0.0,Bekliyor,347.99999999946147,5795.511877164122,555495585079.7543,173449420589.14578,1.089919052724884,5538.680284782534
306.0500000000353,604789.2745907159,211538.5839258755,3491.221439383223,831.3682638370088,3588.459554935579,86562.95978165515,42.921437358379094,2,8.049024558496535,0.5879221471981481,-54114365.71381341,1.1002569058679823,0.0,Bekliyor,347.9999999996018,5763.294922094604,557337433398.5466,173803813038.58704,1.1002569058679823,5613.887389477137
309.050000000036,615299.353823013,214032.68871738669,3515.1833701825744,831.3682638370088,3611.765563544961,85741.91241706682,42.19230310658397,2,8.081600716402521,0.5870937960320707,-54007526.69132495,1.1107927454296063,0.0,Bekliyor,347.99999999970555,5730.770929338937,559245213932.5684,174119078535.20563,1.1107927454296063,5691.2315238461315
312.0500000000367,625882.0954124826,216526.79350889788,3539.655001564984,831.3682638370088,3635.576135376172,84920.8650524791,41.470920782162615,2,8.115300338879056,0.5862404723711575,-53898327.61486676,1.1215323140347369,0.0,Bekliyor,347.9999999997823,5697.933990209639,561217108359.82,174395261520.87225,1.1215323140347369,5770.757678697126
315.05000000003736,636539.0330563524,219020.89830040908,3564.639394744805,831.3682638370088,3659.8946188108443,84099.81768789138,40.75696427935986,2,8.150121847081913,0.5853625489548484,-53786720.168185644,1.132481578564127,0.0,Bekliyor,347.999999999839,5664.778023798927,563251322484.939,174632406370.17612,1.132481578564127,5852.512820367549
318.05000000003804,647271.7100790986,221515.00309192028,3590.1399015270094,831.3682638370088,3684.7246438874126,83278.77032330366,40.050129221088504,2,8.186064425477394,0.5844603848178115,-53672653.90098779,1.143646741208994,0.0,Bekliyor,347.99999999988097,5631.296770220164,565346081220.3558,174830557390.5553,1.143646741208994,5936.545934219274
321.0500000000387,658081.6803020034,224009.10788343148,3616.160163031669,831.3682638370088,3710.070121244812,82457.72295871594,39.35013110100463,2,8.22312800690551,0.5835343256726352,-53556076.18010206,1.1550342511861866,0.0,Bekliyor,347.999999999912,5597.483783514357,567499623852.394,174989758822.42264,1.1550342511861866,6022.908073715993
324.0500000000394,668970.5089104931,226503.21267494268,3642.704109462138,831.3682638370088,3735.9352420917717,81636.67559412822,38.65670363448343,2,8.261313260536332,0.582584704240721,-53436932.13467145,1.1666508171602816,0.0,Bekliyor,347.9999999999349,5563.332424201748,569710199554.2925,175110054839.29245,1.1666508171602816,6111.652415066491
327.0500000000401,679939.7733222987,228997.31746645388,3669.775960859991,831.3682638370088,3762.32447914707,80815.6282295405,37.96959729103386,2,8.30062158252179,0.5816118405365849,-53315164.5953623,1.1785034204228946,0.0,Bekliyor,347.99999999995185,5528.835851456935,571976063112.7,175191489547.9067,1.1785034204228946,6202.8343174653255
330.05000000004077,690991.0640593289,231491.42225796508,3697.380228801504,831.3682638370088,3789.2425885075118,79994.58086495278,37.28857798489211,2,8.341055089178216,0.580616042110011,-53190714.02753101,1.1905993288836108,0.0,Bekliyor,347.9999999999644,5493.987014884512,574295470838.0564,175234106988.36154,1.1905993288836108,6296.511389007003
333.05000000004145,702125.9856260193,233985.52704947628,3725.5217190008425,831.3682638370088,3816.694612410458,79173.53350036505,36.613425904014676,2,8.382616612563686,0.5795976042498604,-53063518.45824228,1.2029461119314495,0.0,Bekliyor,347.9999999999737,5458.778645870239,576666676632.5325,175237951134.2326,1.2029461119314495,6392.743558391886
336.05000000004213,713346.1573968421,236479.63184098748,3754.2055347942805,831.3682638370088,3844.6858828666627,78352.48613577733,35.943934460586156,2,8.425309698339595,0.5785568101527729,-52933513.396988824,1.215551656230718,0.0,Bekliyor,347.99999999998056,5423.203248481631,579087928191.9485,175203065892.701,1.215551656230718,6491.593152582588
339.0500000000428,724653.2145155891,238973.73663249868,3783.4370814880626,831.3682638370088,3873.2220261472157,77531.43877118961,35.27990934857722,2,8.469138605828297,0.5774939310595247,-52800631.749919794,1.228424182520522,0.0,Bekliyor,347.9999999999856,5387.253089889205,581557463320.4133,175129495104.67834,1.228424182520522,6593.124980608941
342.0500000000435,736048.808809001,241467.84142400988,3813.2220715600142,831.3682638370088,3902.308968115722,76710.39140660189,34.621167695918466,2,8.514108310198825,0.5764092263613747,-52664803.72734323,1.2415722634931279,0.0,Bekliyor,347.99999999998937,5350.920190277735,584073506338.3765,175017282544.93176,1.2415722634931279,6697.406423758773
345.0500000000442,747534.6097172997,243961.94621552108,3843.566530711995,831.3682638370088,3931.9529404036543,75889.34404201417,33.96753730056811,2,8.560224506731034,0.5753029436783684,-52525956.74422595,1.255004842832882,0.0,Bekliyor,347.99999999999216,5314.196312214697,586634264566.4419,174866471922.2088,1.255004842832882,6804.507532431054
348.05000000004486,759112.3052441784,246456.05100703228,3874.4768047767634,831.3682638370088,3962.1604874331656,75068.29667742645,33.31885594119954,2,8.607493617125275,0.5741753189112385,-52384015.31337121,1.2687312555045396,0.0,Bekliyor,347.9999999999942,5277.072949440441,589237924868.6716,174677106879.36148,1.2687312555045396,6914.501129968054
351.05000000004554,770783.6029288283,248950.15579854348,3905.9595674890843,831.3682638370088,3992.938474297771,74247.24931283873,32.674970754464866,2,8.655922797840478,0.5730265762682468,-52238900.93091102,1.2827612493877196,0.0,Bekliyor,347.9999999999957,5239.541315041922,591882650240.2755,174449230993.47067,1.2827612493877196,7027.46292382467
354.0500000000462,782550.2308426143,251444.26059005468,3938.021829136787,831.3682638370088,4024.2940955170993,73426.20194825101,32.03573767184085,2,8.705519950458099,0.5718569282680542,-52090531.95370431,1.297105008362851,0.0,Bekliyor,347.9999999999968,5201.592328968867,594566576425.5236,174182887775.96988,1.297105008362851,7143.471624476022
357.0500000000469,794413.9386130736,253938.36538156588,3970.6709461134296,831.3682638370088,4056.2348846877435,72605.15458366329,31.401020909959552,2,8.756293734083687,0.5706665757194618,-51938823.46818435,1.3117731769635068,0.0,Bekliyor,347.99999999999767,5163.2166048480085,597287808552.5162,173878120672.7689,1.3117731769635068,7262.609072510088
360.0500000000476,806376.4984779813,256432.47017307708,4003.9146313999927,831.3682638370088,4088.768725057935,71784.10721907557,30.770692509098865,2,8.808253579811431,0.5694557076786503,-51783687.15014826,1.3267768867205398,0.0,Bekliyor,347.99999999999824,5124.404436047475,600044417772.075,173534973064.37692,1.3267768867205398,7384.960374400245
363.05000000004827,818439.7063723202,258926.57496458828,4037.7609660088633,831.3682638370088,4121.903861059538,70963.05985448784,30.14463191517111,2,8.861409707290466,0.5682245013843416,-51625031.11492767,1.3421277843350385,0.0,Bekliyor,347.9999999999987,5085.145780939606,602834437888.4965,173153488266.0258,1.3421277843350385,7510.614047504047
366.05000000004895,830605.3830510998,261420.67975609947,4072.2184114293323,831.3682638370088,4155.648910836724,70142.01248990012,29.522725601123785,2,8.915773143445085,0.5669731221711167,-51462759.757322006,1.3578380618299553,0.0,Bekliyor,347.99999999999903,5045.430247306169,605655861970.2778,172733709527.79242,1.3578380618299553,7639.662174889768
369.05000000004964,842875.3752510914,263914.78454760945,4107.29582311999,831.3682638370088,4190.012879816824,69320.9651253124,28.90486672416421,2,8.971355743414666,0.5657017233609442,-51296773.5806134,1.373920488844453,0.0,Bekliyor,347.9999999999993,5005.2470758254485,608506638929.1832,172275680034.7209,1.373920488844453,7772.200570652235
372.0500000000503,855251.5568947097,266408.8893391189,4143.0024650997675,831.3682638370088,4225.005175375146,68499.91776072468,28.29095481565462,2,9.028170213792638,0.5644104461327988,-51126969.01391489,1.3903884472507566,0.0,Bekliyor,347.9999999999995,4964.585122575512,611384670056.1465,171779442906.94632,1.3903884472507566,7908.328956443821
375.050000000051,867735.8303394105,268902.99413062836,4179.3480256960875,831.3682638370088,4260.635622652181,67678.87039613696,27.68089550090438,2,9.086230138258257,0.5630994193700872,-50953238.21703101,1.4072559682907295,0.0,Bekliyor,347.9999999999996,4923.4328404825055,614287805502.5427,171245041199.81558,1.4072559682907295,8048.151150017045
378.0500000000517,880330.1276761829,271397.0989221378,4216.342634515694,831.3682638370088,4296.914481588748,66857.82303154924,27.0746002464182,2,9.14555000570961,0.5617687594854249,-50775468.87192918,1.424537772448789,0.0,Bekliyor,347.9999999999997,4881.778259636686,617213840695.3093,170672517904.00854,1.424537772448789,8191.775266652109
381.05000000005236,893036.4120809106,273891.20371364726,4253.99688071139,831.3682638370088,4333.8524652521455,66036.77566696152,26.471986132452923,2,9.206145241022012,0.5604185702221506,-50593543.95983354,1.4422493122993016,0.0,Bekliyor,347.9999999999998,4839.608966392263,620160512674.2489,170061915945.66003,1.4422493122993016,8339.3139344269
384.05000000005305,905856.6792226118,276385.3085051567,4292.321832625903,831.3682638370088,4371.460759534431,65215.72830237397,25.872975648995187,2,9.268032238572157,0.5590489424317981,-50407341.52285717,1.4604068185905934,0.0,Bekliyor,347.99999999999983,4796.9120811596995,623125496339.5719,169413278186.48117,1.4604068185905934,8490.884524378976
387.0500000000537,918792.958732824,278879.4132966662,4331.329058903095,831.3682638370088,4409.751044312792,64394.68093778669,25.277496513501575,2,9.3312283986865,0.5576599538265705,-50216734.40898304,1.4790273498544655,0.0,Bekliyor,347.9999999999999,4753.674234791186,626106400597.4213,168726647423.8795,1.4790273498544655,8646.609396711274
390.0500000000544,931847.3157406886,281373.5180881756,4371.030651166092,831.3682638370088,4448.735516171375,63573.633573199404,24.685481508949604,2,9.395752167190805,0.556251668705694,-50021589.99908854,1.4981288458599171,0.0,Bekliyor,347.9999999999999,4709.8815434508615,629100764390.665,168002066391.0791,1.4981288458599171,8806.616164304642
393.0500000000551,945021.8524785943,283867.6228796851,4411.439248372405,831.3682638370088,4488.426912794348,62752.58620861212,24.096868340931703,2,9.461623078258567,0.554824137654346,-49821769.914579704,1.5177301852631473,0.0,Bekliyor,347.99999999999994,4665.51958185149,632106052601.7172,167239577757.2421,1.5177301852631473,8971.03797492433
396.0500000000558,958318.7099635999,286361.72767119453,4452.56806296748,831.3682638370088,4528.838539151294,61931.538844024835,23.511599512689436,2,9.528861800778282,0.5533773972136545,-49617129.7040603,1.5378512478432855,0.0,Bekliyor,347.99999999999994,4620.573354728744,635119651813.4946,166439224127.58823,1.5378512478432855,9140.013813644655
399.05000000005646,971740.069760229,288855.832462704,4494.430908970489,831.3682638370088,4569.984295608378,61110.49147943755,22.929622217137858,2,9.597490188483558,0.5519114695200736,-49407518.50730335,1.5585129817551107,0.0,Bekliyor,347.99999999999994,4575.0272664118,638138865913.8652,165601048043.51447,1.5585129817551107,9313.688827167332
402.05000000005714,985288.155830653,291349.93725421344,4537.04223213998,831.3682638370088,4611.878708112458,60289.44411485027,22.350888245066205,2,9.667531334116848,0.5504263619122173,-49192778.69461895,1.5797374762770287,0.0,Bekliyor,348.0,4528.865088335761,641160911528.0795,164725091982.71454,1.5797374762770287,9492.214671877899
405.0500000000578,998965.2364787499,293844.0420457229,4580.417142382074,831.3682638370088,4654.536960610369,59468.39675026298,21.775353908828325,2,9.739009627926709,0.5489220665030007,-48972745.479517624,1.6015480405853941,0.0,Bekliyor,348.0,4482.069924326552,644182913262.6866,163811398359.29816,1.6015480405853941,9675.749887672044
408.0500000000585,1012773.626395035,296338.14683723234,4624.571448580717,831.3682638370088,4697.9749298823135,58647.3493856757,21.2029799809534,2,9.81195082083082,0.5473985597146893,-48747246.502353065,1.6239692891457551,0.0,Bekliyor,348.0,4434.624173472478,647201898743.3135,162860009523.90976,1.6239692891457551,9864.460299792818
411.0500000000592,1026715.6888100225,298832.2516287418,4669.521696047857,831.3682638370088,4742.209222986671,57826.30202108841,20.633731647218433,2,9.886382092612216,0.545855801774182,-48516101.382387064,1.6470272343786625,0.0,Bekliyor,348.0,4386.509490378275,650214793427.3666,161870967763.84738,1.6470272343786625,10058.519451152148
414.05000000005987,1040793.8377642159,301326.35642025125,4715.285206812269,831.3682638370088,4787.257217534213,57005.25465650113,20.067578473826927,2,9.962332125556147,0.5442937361655534,-48279121.23544983,1.6707493873334842,0.0,Bekliyor,348.0,4337.706742577019,653218415171.3323,160844315303.18103,1.6707493873334842,10258.109067871748
417.05000000006055,1055010.5405035866,303820.4612117607,4761.88012298848,831.3682638370088,4833.137105032509,56184.207291913845,19.504494388438264,2,10.039831183978468,0.5427122890365509,-48036108.15406734,1.6951648671893937,0.0,Bekliyor,348.0,4288.195964852511,656209468530.689,159780094302.87057,1.6951648671893937,10463.419561069635
420.05000000006123,1069368.32001021,306314.56600327016,4809.325453492988,831.3682638370088,4879.867937566813,55363.15992732656,18.944457674888255,2,10.118911200145495,0.5411113685553847,-47786854.64658938,1.7203045204998948,0.0,Bekliyor,348.0,4237.956310199183,659184538768.6316,158678346860.88394,1.7203045204998948,10674.650568246274
423.0500000000619,1083869.7576785123,308808.6707947796,4857.641124403487,831.3682638370088,4927.469678112268,54542.112562739276,18.38745098153496,2,10.199605867139738,0.5394908642137409,-47531143.03147181,1.7462010512075987,0.0,Bekliyor,348.0,4186.965997118079,662140085547.768,157539115012.31458,1.7462010512075987,10892.011537992073
426.0500000000626,1098517.4961485765,311302.77558628906,4906.84803328892,831.3682638370088,4975.9632548042055,53721.06519815199,17.83346134325727,2,10.281950739287062,0.5378506460715083,-47268744.78243877,1.772889162581512,0.0,Bekliyor,348.0,4135.202252915413,665072436276.6565,156362440729.49866,1.772889162581512,11115.722362152177
429.0500000000633,1113314.2423089426,313796.8803777985,4956.968107874112,831.3682638370088,5025.370619529149,52900.01783356471,17.282480217226436,2,10.365983340829168,0.5361905639382111,-46999419.8197688,1.80040571237215,0.0,Bekliyor,348.0,4082.641252634271,667977779080.4696,155148365922.13232,1.80040571237215,11346.014060051066
432.05000000006396,1128262.7704825327,316290.98516930797,5008.024369443167,831.3682638370088,5075.7148112394325,52078.97046897742,16.73450353266585,2,10.451743283602285,0.5345104464855878,-46722915.74240456,1.8287898826431732,0.0,Bekliyor,348.0,4029.2580532095735,670852155362.19,153896932437.38852,1.8287898826431732,11583.129519907068
435.05000000006464,1143365.925810569,318785.0899608174,5060.041001431372,831.3682638370088,5127.020024439755,51257.92310439014,16.189531754910806,2,10.53927239456959,0.5328101002851366,-46438966.994969025,1.8580833659251648,0.0,Bekliyor,348.0,3975.026522390761,673691451917.5038,152608182060.03336,1.8580833659251648,11827.324303163383
438.0500000000653,1158626.6278508247,321279.1947523269,5113.043423706792,831.3682638370088,5179.311683345249,50436.875739802854,15.647569964181608,2,10.628614854152582,0.5310893087637538,-46147293.96307375,1.8883305695514674,0.0,Bekliyor,348.0,3919.919261925258,676491392562.918,151282156512.54263,1.8883305695514674,12078.867518138894
441.050000000066,1174047.8744080847,323773.2995438363,5167.058373100817,831.3682638370088,5232.616522268558,49615.82837521557,15.108627949588774,2,10.719817346417155,0.5293478310698083,-45847601.989510745,1.9195788402822307,0.0,Bekliyor,348.0,3863.907524437424,679247529232.522,149918897455.2176,1.9195788402822307,12338.042770170367
444.0500000000667,1189632.745616535,326267.4043353458,5222.1139908129235,831.3682638370088,5286.962672859142,48794.781010628285,14.572720319002315,2,10.81292922229539,0.5275854008411159,-45539580.30301745,1.9518787116063372,0.0,Bekliyor,348.0,3806.961123371733,681955232494.2175,148518446486.30103,1.9518787116063372,12605.14919629249
447.05000000006737,1205384.4082957197,328761.50912685524,5278.2399173896865,831.3682638370088,5342.379758892633,47973.733646041,14.039866625537302,2,10.908002677166344,0.5258017248652781,-45222900.850274146,1.9852841764380422,0.0,Bekliyor,348.0,3749.0483352938354,684609681431.0364,147080845142.0925,1.9852841764380422,12880.502593500092
450.05000000006805,1221306.1206039784,331255.6139183647,5335.467396063264,831.3682638370088,5398.898999392862,47152.686281453716,13.510091511539324,2,11.005092944280767,0.5239964816217236,-44897217.0206172,2.0198529883036436,0.0,Bekliyor,348.0,3690.1357937580938,687205852827.2834,145606134897.06384,2.0198529883036436,13164.436650776684
453.05000000006874,1237401.2370157598,333749.71870987414,5393.829385331768,831.3682638370088,5456.553320966138,46331.63891686643,12.983424871094968,2,11.104258505699544,0.5221693196935062,-44562162.251603305,2.0556469945522924,0.0,Bekliyor,348.0,3630.188373852131,689738509592.6249,144094357163.97382,2.0556469945522924,13457.304296380536
456.0500000000694,1253673.2136520213,336243.8235013836,5453.360681774944,831.3682638370088,5515.377480337886,45510.59155227915,12.459902032250268,2,11.20556132262644,0.5203198560354558,-44217348.50201334,2.0927325056351385,0.0,Bekliyor,348.0,3569.1690664185467,692202188349.6919,142545553293.9833,2.0927325056351385,13759.479173378646
459.0500000000701,1270125.6139960955,338737.92829289305,5514.098054225853,831.3682638370088,5575.408198208657,44689.54418769186,11.93956396029233,2,11.309067087257713,0.518447674083609,-43862364.57710371,2.131180705091402,0.0,Bekliyor,348.0,3507.0388408257973,694591186102.2537,140959764576.76932,2.131180705091402,14071.357258145339
462.0500000000708,1286762.115030987,341232.0330844025,5576.080390565379,831.3682638370088,5636.684305692104,43868.49682310458,11.422457483642726,2,11.414845498548726,0.5165523216889454,-43496774.288860634,2.171068105574497,0.0,Bekliyor,348.0,3443.7564950140677,696899545891.2869,139337032240.63974,2.171068105574497,14393.358638532867
465.05000000007146,1303586.513838112,343726.13787591195,5639.348858574611,831.3682638370088,5699.24690476512,43047.449458517294,10.90863554412705,2,11.522970564617562,0.5146333088562671,-43120114.43163783,2.212477057065089,0.0,Bekliyor,348.0,3379.2784913733867,699121041335.199,137677397452.64673,2.212477057065089,14725.929470723933
468.05000000007215,1320602.7347020695,346220.2426674214,5703.947082474398,831.3682638370088,5763.139544353936,42226.40209393001,10.398157473627572,2,11.63352093487482,0.5126901052665482,-42731892.55080618,2.255496314374114,0.0,Bekliyor,348.0,3313.5587768166906,701249159937.8318,135980901318.70093,2.255496314374114,15069.54413644571
471.0500000000728,1337814.836771311,348714.34745893086,5769.921337006051,831.3682638370088,5828.408413903805,41405.354729342725,9.891089299400697,2,11.746580265395885,0.5107221375581823,-42331584.478844345,2.300221672165599,0.0,Bekliyor,348.0,3246.5485851854764,703277085033.3898,134247584883.68472,2.300221672165599,15424.707625328072
474.0500000000735,1355227.0223304417,351208.4522504403,5837.320761168069,831.3682638370088,5895.102556539831,40584.30736475544,9.387504080652112,2,11.862237621548173,0.5087287863392123,-41918631.60956964,2.3467566770610677,0.0,Bekliyor,348.0,3178.1962198645033,705197676220.8444,132477489131.56543,2.3467566770610677,15791.958170807282
477.0500000000742,1372843.6457467626,353702.55704194977,5906.197594027165,831.3682638370088,5963.274104228796,39763.26000016816,8.887482279318133,2,11.980587922462684,0.5067093828987413,-41492437.876849204,2.395213427966815,0.0,Bekliyor,348.0,3108.4468141781235,707003448121.2537,130670654985.5083,2.395213427966815,16171.87017220566
480.0500000000749,1390669.223161388,356196.6618334592,5976.607435376153,831.3682638370088,6032.9785377047965,38942.21263558087,8.391112168408064,2,12.101732432613199,0.5046632055812186,-41052366.399019256,2.4457134776445106,0.0,Bekliyor,348.0,3037.242066786243,708686547269.4232,128827123307.98932,2.4457134776445106,16565.057440578657
483.05000000007556,1408708.443004238,358690.7666249687,6048.609534426018,831.3682638370088,6104.274974334638,38121.16527099359,7.898490281729675,2,12.225779306555348,0.5025894757820243,-40597735.74422755,2.498388850789086,0.0,Bekliyor,348.0,2964.519948882789,710238726925.8674,126946934900.90746,2.498388850789086,16972.176811755442
486.05000000007624,1426966.1774224786,361184.8714164781,6122.267110206432,831.3682638370088,6177.22648758406,37300.1179064063,7.409721909359005,2,12.352844193804419,0.5004873535166364,-40127815.76482013,2.553383196565734,0.0,Bekliyor,348.0,2890.2143795121906,711651319565.4911,125030130505.69711,2.553383196565734,17393.93217688508
489.0500000000769,1445447.494723851,363678.9762079876,6197.647707922975,831.3682638370088,6251.900462317579,36479.07054181902,6.924921643839538,2,12.48305091192296,0.4983559325084335,-39641822.940492764,2.610853096790259,0.0,Bekliyor,348.0,2814.254864745163,712915206765.0786,123076750803.43993,2.610853096790259,17831.07898895422
492.0500000000776,1464157.6729500997,366173.08099949703,6274.823596197801,831.3682638370088,6328.3689908405495,35658.023177231735,6.444213982821333,2,12.616532197180696,0.49619423473168855,-39138915.15994805,2.670969554839256,0.0,Bekliyor,348.0,2736.5660957762375,714020786171.6093,121086836414.9766,2.670969554839256,18284.42931343119
495.0500000000783,1483102.214711661,368667.1857910065,6353.872210925708,831.3682638370088,6406.70931539405,34836.97581264445,5.967733994696601,2,12.753430543682208,0.4940012043362675,-38618185.858897164,2.7339196951065308,0.0,Bekliyor,348.0,2657.0675002001535,714957935186.5292,119060427901.01822,2.7339196951065308,18754.85750274705
498.05000000007897,1502286.8634334106,371161.29058251594,6434.876652436645,831.3682638370088,6487.004323768347,34015.928448057166,5.495628054779158,2,12.893899143683765,0.4917757008686288,-38078657.417998895,2.7999087085796788,0.0,Bekliyor,348.0,2575.6727397651043,715715970946.0833,116997565762.25761,2.7999087085796788,19243.306588158604
501.05000000007965,1521717.6211830254,373655.3953740254,6517.92624380229,831.3682638370088,6569.343105842624,33194.88108346988,5.028054660740342,2,13.038102944004466,0.4895164916895429,-37519273.70720648,2.8691620871498196,0.0,Bekliyor,348.0,2492.289146754223,716283606112.9039,114898290439.48024,2.8691620871498196,19750.79549916733
504.05000000008033,1541400.7682790563,376149.50016553485,6603.117159501337,831.3682638370088,6653.821580229826,32373.83371888249,4.565185337388741,2,13.186219836059454,0.4872222434719955,-36938891.64232772,2.9419281979133527,0.0,Bekliyor,348.0,2406.8170897702585,716648899917.3805,112762642313.67464,2.9419281979133527,20278.427240740693
507.050000000081,1561342.8849059374,378643.6049570443,6690.5531353180995,831.3682638370088,6740.543201858495,31552.78635429499,4.107205642511258,2,13.338442000205358,0.4848915126423961,-36336271.59455477,3.018481259395152,0.0,Bekliyor,348.0,2319.149258038916,716799203796.2479,110590661706.14339,3.018481259395152,20827.398182915695
510.0500000000817,1581550.8749987131,381137.70974855375,6780.346272359937,831.3682638370088,6829.6197633256,30731.738989707486,3.6543162874328203,2,13.494977428919608,0.4825227346036819,-35710066.46321699,3.099124794859031,0.0,Bekliyor,348.0,2229.169851336714,716721100867.2747,108382388878.61382,3.099124794859031,21399.008647001516
513.0500000000811,1602031.9927025514,383631.8145400632,6872.617950525837,831.3682638370088,6921.172305290532,29910.691625119984,3.206734388271914,2,13.656051657998173,0.4801142115491994,-35058809.18468605,3.1841956543776995,0.0,Bekliyor,348.0,2136.7536602043388,716400338348.9862,106137864033.34671,3.1841956543776995,21994.67500886594
516.0500000000784,1622793.8717625225,386125.91933157266,6967.499869751172,831.3682638370088,7015.332154159738,29089.64426053248,2.764694866655043,2,13.821909740660354,0.47766409864009,-34380898.40446013,3.2740687180337185,0.0,Bekliyor,348.0,2041.7650181161014,715821751878.179,103857127313.24692,3.2740687180337185,22615.94358440016
519.0500000000757,1643844.5582594927,388620.0241230821,7065.135241032353,831.3682638370088,7112.242108973475,28268.59689594498,2.328452022016208,2,13.992818506462164,0.47517038827467406,-33674581.982703954,3.3691624187332954,0.0,Bekliyor,348.0,1944.056603601563,714969180489.2126,101540218801.97246,3.3691624187332954,23264.50661741737
522.0500000000729,1665192.5471807239,391114.12891459157,7165.680153782703,831.3682638370088,7212.057803932728,27447.549531357476,1.8982813016866709,2,14.169069155590421,0.4726308921239326,-32937937.93296091,3.469945256254289,0.0,Bekliyor,348.0,1843.4680657731635,713825370790.0402,99187178524.04402,3.469945256254289,23942.220758832773
525.0500000000702,1686846.8234016923,393608.233706101,7269.305151724406,831.3682638370088,7314.94927863125,26626.502166769973,1.4744812999555692,2,14.350980249890672,0.4700432205399099,-32168852.305508934,3.5769435164863834,0.0,Bekliyor,348.0,1739.824441067623,712371868590.367,96798046444.95392,3.5769435164863834,24651.128511770057
528.0500000000675,1708816.9077626623,396102.3384976105,7376.197056593884,831.3682638370088,7421.102795096085,25805.45480218247,1.0573760233824672,2,14.538901175471016,0.46740475886013605,-31364993.415772658,3.690750464281046,0.0,Bekliyor,348.0,1632.934321947182,710588895894.4221,94372862471.27486,3.690750464281046,25393.48322523304
531.0500000000648,1731112.9090544472,398596.4432891199,7486.561087841785,831.3682638370088,7530.722949600141,24984.407437594968,0.6473174671698133,2,14.733216168708099,0.4647126400263515,-30523781.677514225,3.8120373488956587,0.0,Bekliyor,348.0,1522.5877294173008,708455210747.5627,91911666450.7685,3.8120373488956587,26171.778355808397
534.050000000062,1753745.5828888419,401090.5480806294,7600.623337796323,831.3682638370088,7644.035138441205,24163.360073007465,0.24468855674571136,2,14.934349019015935,0.461963712803662,-29642354.121041868,3.9415666531630826,0.0,Bekliyor,348.0,1408.5536299501384,705947946900.4359,89414498172.49371,3.9415666531630826,26988.781891448005
537.0500000000593,1776726.398646548,403584.65287213883,7718.633732113697,831.3682638370088,7761.2885000157985,23342.312708419962,0.0,2,15.142768689029687,0.4591545033828423,-28717522.067288004,4.080208138835502,0.0,Bekliyor,348.0,1290.5770230176079,703042438437.5837,86881397366.91467,4.080208138835502,27847.577414987772
540.0500000000566,1799952.8019016364,406078.7576636483,7744.7495913752655,831.3682638370088,7789.243828718081,23164.419112759337,0.0,2,15.168143658107507,0.4588151626784093,-28478508.832960133,0.0,0.0,Dairesel (Circular),348.0,1264.4688473973947,702719517831.3699,86720165409.57808,0.0,28056.250664770534
